Ca,Mg,H + Al,Al3+,S,Fe,Mn
2.421022792478503,2.568325927132202,-1.0002918046269647,-1.4273520930616477,-1.5089064978942508,2.8198299488843133,0.34464395350430593
-0.6422525478608773,-0.6613054782436207,1.634109163469802,0.8620641354134705,1.1956513166778222,0.3128382770038827,1.524033908462007
-0.5146160753467365,-0.6613054782436207,0.6681621418343209,1.1164437163551504,1.1546731679721847,0.8913748166685974,1.4060949129662368
2.0381133749360805,2.1069500120785127,-1.0002918046269647,-1.4273520930616477,-1.5089064978942508,1.2770658431117405,1.347125415218352
-0.25934313031845474,-0.6613054782436207,-0.12215814859470908,-0.15545418835324867,0.4580446399763477,0.3128382770038827,0.7574304377395014
2.1657498474502215,2.1069500120785127,-1.0002918046269647,-1.4273520930616477,-0.15662759060821435,-0.07285274943926046,0.8753694332352714
-0.897525492889159,-0.6613054782436207,0.22909531381819315,0.8620641354134705,1.277607614089097,0.11999276378231112,1.2291864197225817
-0.5146160753467365,-0.6613054782436207,0.6681621418343209,0.3533049735301109,1.6873891011454718,-0.07285274943926046,0.9343389309831565
-0.3869796028325956,-0.6613054782436207,0.22909531381819315,0.09892539258843114,1.277607614089097,0.11999276378231112,0.9343389309831565
-0.1317066578043139,-0.1999295631899318,1.634109163469802,0.6076845544717907,-0.3615183341364017,1.6627568695548838,0.34464395350430593
-0.5146160753467365,-0.1999295631899318,-0.12215814859470908,0.09892539258843114,-0.4024964828420392,0.6985293034470259,-1.3065019834364755
-0.769889020375018,-0.6613054782436207,1.634109163469802,0.8620641354134705,-0.5254309289589516,0.6985293034470259,-1.3654714811843607
-0.3869796028325956,-0.1999295631899318,0.22909531381819315,0.3533049735301109,0.9907605731496348,0.11999276378231112,-1.3065019834364755
-0.6422525478608773,-0.1999295631899318,2.1609893570891554,1.62520287823851,1.0727168705609098,1.084220329890169,-1.3654714811843607
-0.6422525478608773,-0.1999295631899318,0.22909531381819315,0.8620641354134705,0.0072850042143355245,1.084220329890169,-1.3654714811843607
-0.25934313031845474,0.2614463518637572,0.6681621418343209,-0.15545418835324867,-1.6318409440111632,2.43413892244117,-1.3654714811843607
-0.3869796028325956,-0.6613054782436207,0.22909531381819315,0.6076845544717907,-1.263037605660426,1.6627568695548838,-1.3654714811843607
-0.897525492889159,-0.6613054782436207,0.6681621418343209,0.6076845544717907,-0.566409077664589,0.3128382770038827,-1.3654714811843607
-0.769889020375018,-0.6613054782436207,0.6681621418343209,1.1164437163551504,-0.9761905647209638,1.084220329890169,-1.3065019834364755
-0.769889020375018,-0.6613054782436207,0.6681621418343209,0.09892539258843114,-1.2220594569547887,0.3128382770038827,-1.3654714811843607
-0.25934313031845474,0.2614463518637572,-0.4734116110076113,0.3533049735301109,-0.5254309289589516,0.6985293034470259,-0.8347460014533952
-0.1317066578043139,0.7228222669174461,0.22909531381819315,-0.15545418835324867,-1.2220594569547887,0.6985293034470259,-1.0116544946970503
0.12356628722396777,-0.1999295631899318,0.6681621418343209,1.1164437163551504,1.441520208911647,0.11999276378231112,-0.9526849969491653
0.2512027597381086,0.2614463518637572,1.1072289698504487,0.6076845544717907,0.8678261270327224,0.6985293034470259,-0.8937154992012804
1.6552039573936579,2.1069500120785127,-1.0002918046269647,-1.4273520930616477,-1.6728190927168007,-0.8442348023255468,-0.8347460014533952
-0.1317066578043139,-0.1999295631899318,1.1072289698504487,0.3533049735301109,-0.4844527802533141,-0.45854377588240364,-0.5988680104618549
2.6762957375067846,2.1069500120785127,-1.2637319014366413,-1.4273520930616477,-1.8367316875393507,-0.6513892891039752,-1.0116544946970503
0.2512027597381086,4.875205502400647,0.6681621418343209,-0.4098337692949285,-1.2220594569547887,0.3128382770038827,-1.0116544946970503
-0.25934313031845474,-0.1999295631899318,0.22909531381819315,0.6076845544717907,0.25315389644816033,-0.6513892891039752,-1.0116544946970503
-0.3869796028325956,-0.1999295631899318,0.6681621418343209,0.09892539258843114,-0.44347463154767663,-0.6513892891039752,-1.0116544946970503
2.8039322100209256,-1.1226813932973096,0.22909531381819315,0.6076845544717907,-1.263037605660426,0.3128382770038827,0.8163999354873862
-0.5146160753467365,-0.6613054782436207,0.22909531381819315,-0.6642133502366082,1.605432803734197,-0.8442348023255468,1.170216921974697
0.12356628722396777,-0.1999295631899318,-0.7368517078172879,-0.6642133502366082,0.4580446399763477,-0.265698262660832,0.6984609399916163
2.6762957375067846,-1.1226813932973096,1.1072289698504487,1.1164437163551504,-0.8532561186040514,-0.265698262660832,0.8163999354873862
-0.1559575875820006,-0.6613054782436207,0.22909531381819315,1.1164437163551504,0.8678261270327224,1.084220329890169,1.1112474242268116
2.8039322100209256,-1.1226813932973096,2.1609893570891554,1.62520287823851,0.4580446399763477,0.3128382770038827,1.524033908462007
-0.769889020375018,-1.1226813932973096,0.22909531381819315,1.1164437163551504,1.6873891011454718,0.3128382770038827,1.5830034062098919
-0.5146160753467365,0.2614463518637572,0.22909531381819315,-0.9185929311782881,1.6873891011454718,-0.265698262660832,1.4060949129662368
-0.25934313031845474,-0.6613054782436207,-0.12215814859470908,0.6076845544717907,1.277607614089097,-0.265698262660832,1.4650644107141222
0.12356628722396777,-0.6613054782436207,0.6681621418343209,0.3533049735301109,-0.3615183341364017,0.8913748166685974,1.524033908462007
-0.6422525478608773,2.1069500120785127,-1.8784254606592201,-1.4273520930616477,-1.8777098362449882,-0.07285274943926046,-1.0116544946970503
-0.3869796028325956,-0.6613054782436207,0.6681621418343209,1.1164437163551504,-0.4844527802533141,-0.07285274943926046,-1.0116544946970503
-0.25934313031845474,-0.6613054782436207,-0.12215814859470908,0.3533049735301109,-0.07467129319693942,0.8913748166685974,-1.0116544946970503
-0.3869796028325956,0.2614463518637572,-0.12215814859470908,-0.6642133502366082,0.3760883425650728,1.084220329890169,0.6394914422437312
-0.5146160753467365,-0.6613054782436207,0.22909531381819315,0.09892539258843114,-0.44347463154767663,1.084220329890169,-0.5988680104618549
-0.5146160753467365,-0.6613054782436207,0.6681621418343209,1.3708232972968302,0.21217574774252287,1.8556023827764554,-1.0116544946970503
-0.3869796028325956,-0.1999295631899318,0.6681621418343209,1.62520287823851,0.5809790860932601,1.4699113563333122,-1.0116544946970503
-0.5146160753467365,-0.6613054782436207,1.1072289698504487,1.3708232972968302,-0.1156494419025769,1.6627568695548838,-1.0116544946970503
-0.3869796028325956,-0.6613054782436207,-3.002436540380507,1.62520287823851,-0.3615183341364017,1.8556023827764554,-1.0116544946970503
-0.3869796028325956,-0.1999295631899318,1.1072289698504487,0.6076845544717907,0.4170664912707102,2.048447895998027,0.16773546026065086
-0.1559575875820006,-0.6613054782436207,0.6681621418343209,0.8620641354134705,0.048263152919973,0.8913748166685974,-1.0116544946970503
0.2512027597381086,-0.1999295631899318,-0.12215814859470908,-0.9185929311782881,-1.5498846465998883,0.6985293034470259,-1.0116544946970503
0.2614136775392401,-0.1999295631899318,0.6681621418343209,1.62520287823851,0.048263152919973,0.6985293034470259,-0.5988680104618549
0.5064757047663903,-0.6613054782436207,0.22909531381819315,0.6076845544717907,0.13021945033124793,-0.07285274943926046,-0.5988680104618549
2.2933863199643625,0.2614463518637572,-1.0002918046269647,-0.6642133502366082,0.7858698296214475,-0.6513892891039752,-0.18608152622665952
0.2512027597381086,1.1841981819711351,-0.4734116110076113,-0.9185929311782881,0.4990227886819852,-0.6513892891039752,-0.5988680104618549
3.186841627563348,0.7228222669174461,-1.2637319014366413,-1.4273520930616477,-1.0581468621322387,-1.0370803155471184,-0.18608152622665952
0.40053743257965363,1.1841981819711351,-1.0002918046269647,-1.4273520930616477,-0.4844527802533141,-1.2299258287686898,-0.5988680104618549
-0.004070185290173068,0.2614463518637572,-1.702798729452769,-1.4273520930616477,-0.7712998211927764,-0.8442348023255468,1.4650644107141222
-0.25934313031845474,-0.1999295631899318,-1.2637319014366413,-1.4273520930616477,-0.648365375075864,-1.2299258287686898,0.22670495800853596
-0.25934313031845474,1.1841981819711351,-1.702798729452769,-1.4273520930616477,-1.3859720517773384,-1.0370803155471184,1.8778508949493176
-0.1317066578043139,0.2614463518637572,-1.0002918046269647,-1.4273520930616477,1.605432803734197,-1.2299258287686898,0.6394914422437312
0.37883923225224947,0.7228222669174461,-1.5271719982463179,-1.4273520930616477,1.1546731679721847,-1.0370803155471184,1.4650644107141222
0.2512027597381086,0.2614463518637572,-1.5271719982463179,-1.4273520930616477,-0.9761905647209638,-1.0370803155471184,1.0522779264789266
0.8893851223088128,1.645574097024824,-2.141865557468897,-1.4273520930616477,0.4580446399763477,-1.2299258287686898,0.22670495800853596
-0.3869796028325956,0.2614463518637572,-0.7368517078172879,-0.6642133502366082,-0.15662759060821435,-0.8442348023255468,1.0522779264789266
0.6341121772805312,0.7228222669174461,-2.0540521918656713,-1.4273520930616477,1.6873891011454718,-1.0370803155471184,0.6394914422437312
-0.25934313031845474,-0.1999295631899318,-0.4734116110076113,-0.9185929311782881,1.4824983576172845,-0.6513892891039752,1.8778508949493176
-0.5146160753467365,-0.1999295631899318,0.22909531381819315,-0.15545418835324867,1.277607614089097,-0.8442348023255468,1.0522779264789266
-0.6422525478608773,-0.1999295631899318,-0.4734116110076113,-0.6642133502366082,0.8678261270327224,-0.8442348023255468,0.22670495800853596
-1.1527984379174405,-1.1226813932973096,1.1072289698504487,1.1164437163551504,1.277607614089097,-0.6513892891039752,1.0522779264789266
1.2722945398512353,1.1841981819711351,-1.0002918046269647,-1.4273520930616477,-1.426950200482976,1.4699113563333122,-0.5988680104618549
0.8893851223088128,0.7228222669174461,-1.2637319014366413,-1.4273520930616477,-1.2220594569547887,-1.0370803155471184,0.7574304377395014
-0.769889020375018,-0.6613054782436207,2.1609893570891554,0.8620641354134705,-0.4024964828420392,-1.0370803155471184,-0.4809290149660848
-0.3869796028325956,0.7228222669174461,-0.12215814859470908,-0.15545418835324867,-0.07467129319693942,-1.0370803155471184,0.9343389309831565
-0.004070185290173068,0.2614463518637572,-0.4734116110076113,-0.6642133502366082,-1.5498846465998883,-0.8442348023255468,-0.5398985127139699
-0.25934313031845474,-0.1999295631899318,-0.6490383422140624,-0.9185929311782881,-1.0171687134266012,-1.2299258287686898,-0.5398985127139699
-1.0251619654032997,-0.6613054782436207,0.22909531381819315,0.8620641354134705,-0.44347463154767663,-1.0370803155471184,-0.7168070059576251
-1.0251619654032997,-0.6613054782436207,0.22909531381819315,0.8620641354134705,0.4580446399763477,-1.0370803155471184,-0.5988680104618549
-0.6422525478608773,-0.6613054782436207,0.6681621418343209,1.3708232972968302,0.17119759903688542,-0.8442348023255468,-0.4809290149660848
0.37883923225224947,1.1841981819711351,-0.7368517078172879,-1.172972512119968,-0.6073872263702266,-1.0370803155471184,-0.7168070059576251
-1.0251619654032997,-0.6613054782436207,0.6681621418343209,0.6076845544717907,0.4990227886819852,-1.0370803155471184,-0.36299001947031473
-1.0251619654032997,-0.6613054782436207,0.6681621418343209,1.3708232972968302,0.25315389644816033,-1.0370803155471184,-0.5398985127139699
-0.897525492889159,-0.6613054782436207,-0.12215814859470908,0.09892539258843114,0.17119759903688542,-1.0370803155471184,0.16773546026065086
-0.897525492889159,-0.6613054782436207,0.22909531381819315,0.3533049735301109,-0.07467129319693942,-0.6513892891039752,0.4625829490000761
-1.0251619654032997,-1.1226813932973096,0.6681621418343209,0.6076845544717907,0.21217574774252287,-0.45854377588240364,0.22670495800853596
-0.3869796028325956,-0.1999295631899318,-0.12215814859470908,-0.15545418835324867,0.048263152919973,-0.6513892891039752,0.049796464764880644
-0.897525492889159,-0.6613054782436207,0.6681621418343209,0.09892539258843114,-0.19760573931385184,-0.45854377588240364,1.1112474242268116
-0.5146160753467365,-0.6613054782436207,-0.12215814859470908,-0.9185929311782881,1.5234765063229219,-0.8442348023255468,0.6984609399916163
-0.25934313031845474,-0.1999295631899318,-0.4734116110076113,-0.9185929311782881,1.441520208911647,-1.2299258287686898,0.8163999354873865
